AMS,ADNN,Dataset,VMS,VDNN,T,Bf,Cost_history,T_pred,Bf_pred
0.04614786,8.74767114,"AMS1_ADNN1_VMS1_VDNN1.npy, AMS1_ADNN1_VMS1_VDNN2.npy, AMS1_ADNN1_VMS1_VDNN3.npy, AMS1_ADNN1_VMS1_VDNN4.npy, AMS1_ADNN1_VMS1_VDNN5.npy, AMS1_ADNN1_VMS2_VDNN1.npy, AMS1_ADNN1_VMS2_VDNN2.npy, AMS1_ADNN1_VMS2_VDNN3.npy, AMS1_ADNN1_VMS2_VDNN4.npy, AMS1_ADNN1_VMS2_VDNN5.npy, AMS1_ADNN1_VMS3_VDNN1.npy, AMS1_ADNN1_VMS3_VDNN2.npy, AMS1_ADNN1_VMS3_VDNN3.npy, AMS1_ADNN1_VMS3_VDNN4.npy, AMS1_ADNN1_VMS3_VDNN5.npy, AMS1_ADNN1_VMS4_VDNN1.npy, AMS1_ADNN1_VMS4_VDNN2.npy, AMS1_ADNN1_VMS4_VDNN3.npy, AMS1_ADNN1_VMS4_VDNN4.npy, AMS1_ADNN1_VMS4_VDNN5.npy, AMS1_ADNN1_VMS5_VDNN1.npy, AMS1_ADNN1_VMS5_VDNN2.npy, AMS1_ADNN1_VMS5_VDNN3.npy, AMS1_ADNN1_VMS5_VDNN4.npy, AMS1_ADNN1_VMS5_VDNN5.npy",0.0487785494115578,16.940523954067803,38.06772080903795,45,0.0623244576629638,42.7243266365853,48
0.04614786,24.4029475,"AMS1_ADNN2_VMS1_VDNN1.npy, AMS1_ADNN2_VMS1_VDNN2.npy, AMS1_ADNN2_VMS1_VDNN3.npy, AMS1_ADNN2_VMS1_VDNN4.npy, AMS1_ADNN2_VMS1_VDNN5.npy, AMS1_ADNN2_VMS2_VDNN1.npy, AMS1_ADNN2_VMS2_VDNN2.npy, AMS1_ADNN2_VMS2_VDNN3.npy, AMS1_ADNN2_VMS2_VDNN4.npy, AMS1_ADNN2_VMS2_VDNN5.npy, AMS1_ADNN2_VMS3_VDNN1.npy, AMS1_ADNN2_VMS3_VDNN2.npy, AMS1_ADNN2_VMS3_VDNN3.npy, AMS1_ADNN2_VMS3_VDNN4.npy, AMS1_ADNN2_VMS3_VDNN5.npy, AMS1_ADNN2_VMS4_VDNN1.npy, AMS1_ADNN2_VMS4_VDNN2.npy, AMS1_ADNN2_VMS4_VDNN3.npy, AMS1_ADNN2_VMS4_VDNN4.npy, AMS1_ADNN2_VMS4_VDNN5.npy, AMS1_ADNN2_VMS5_VDNN1.npy, AMS1_ADNN2_VMS5_VDNN2.npy, AMS1_ADNN2_VMS5_VDNN3.npy, AMS1_ADNN2_VMS5_VDNN4.npy, AMS1_ADNN2_VMS5_VDNN5.npy",0.0499689357225446,17.25835578987159,46.93452249944672,50,0.0632757265716552,42.984851129361516,48
0.04614786,103.460163,"AMS1_ADNN3_VMS1_VDNN1.npy, AMS1_ADNN3_VMS1_VDNN2.npy, AMS1_ADNN3_VMS1_VDNN3.npy, AMS1_ADNN3_VMS1_VDNN4.npy, AMS1_ADNN3_VMS1_VDNN5.npy, AMS1_ADNN3_VMS2_VDNN1.npy, AMS1_ADNN3_VMS2_VDNN2.npy, AMS1_ADNN3_VMS2_VDNN3.npy, AMS1_ADNN3_VMS2_VDNN4.npy, AMS1_ADNN3_VMS2_VDNN5.npy, AMS1_ADNN3_VMS3_VDNN1.npy, AMS1_ADNN3_VMS3_VDNN2.npy, AMS1_ADNN3_VMS3_VDNN3.npy, AMS1_ADNN3_VMS3_VDNN4.npy, AMS1_ADNN3_VMS3_VDNN5.npy, AMS1_ADNN3_VMS4_VDNN1.npy, AMS1_ADNN3_VMS4_VDNN2.npy, AMS1_ADNN3_VMS4_VDNN3.npy, AMS1_ADNN3_VMS4_VDNN4.npy, AMS1_ADNN3_VMS4_VDNN5.npy, AMS1_ADNN3_VMS5_VDNN1.npy, AMS1_ADNN3_VMS5_VDNN2.npy, AMS1_ADNN3_VMS5_VDNN3.npy, AMS1_ADNN3_VMS5_VDNN4.npy, AMS1_ADNN3_VMS5_VDNN5.npy",0.0489322307624198,16.517793878885215,45.685869249778754,45,0.0650217367523193,43.28456335844554,47
0.04614786,0.366064129,"AMS1_ADNN4_VMS1_VDNN1.npy, AMS1_ADNN4_VMS1_VDNN2.npy, AMS1_ADNN4_VMS1_VDNN3.npy, AMS1_ADNN4_VMS1_VDNN4.npy, AMS1_ADNN4_VMS1_VDNN5.npy, AMS1_ADNN4_VMS2_VDNN1.npy, AMS1_ADNN4_VMS2_VDNN2.npy, AMS1_ADNN4_VMS2_VDNN3.npy, AMS1_ADNN4_VMS2_VDNN4.npy, AMS1_ADNN4_VMS2_VDNN5.npy, AMS1_ADNN4_VMS3_VDNN1.npy, AMS1_ADNN4_VMS3_VDNN2.npy, AMS1_ADNN4_VMS3_VDNN3.npy, AMS1_ADNN4_VMS3_VDNN4.npy, AMS1_ADNN4_VMS3_VDNN5.npy, AMS1_ADNN4_VMS4_VDNN1.npy, AMS1_ADNN4_VMS4_VDNN2.npy, AMS1_ADNN4_VMS4_VDNN3.npy, AMS1_ADNN4_VMS4_VDNN4.npy, AMS1_ADNN4_VMS4_VDNN5.npy, AMS1_ADNN4_VMS5_VDNN1.npy, AMS1_ADNN4_VMS5_VDNN2.npy, AMS1_ADNN4_VMS5_VDNN3.npy, AMS1_ADNN4_VMS5_VDNN4.npy, AMS1_ADNN4_VMS5_VDNN5.npy",0.0493370964562763,17.108147253912144,48.002052307128906,50,0.0625625635467529,42.73124842602593,48
0.04614786,0.00583815967,"AMS1_ADNN5_VMS1_VDNN1.npy, AMS1_ADNN5_VMS1_VDNN2.npy, AMS1_ADNN5_VMS1_VDNN3.npy, AMS1_ADNN5_VMS1_VDNN4.npy, AMS1_ADNN5_VMS1_VDNN5.npy, AMS1_ADNN5_VMS2_VDNN1.npy, AMS1_ADNN5_VMS2_VDNN2.npy, AMS1_ADNN5_VMS2_VDNN3.npy, AMS1_ADNN5_VMS2_VDNN4.npy, AMS1_ADNN5_VMS2_VDNN5.npy, AMS1_ADNN5_VMS3_VDNN1.npy, AMS1_ADNN5_VMS3_VDNN2.npy, AMS1_ADNN5_VMS3_VDNN3.npy, AMS1_ADNN5_VMS3_VDNN4.npy, AMS1_ADNN5_VMS3_VDNN5.npy, AMS1_ADNN5_VMS4_VDNN1.npy, AMS1_ADNN5_VMS4_VDNN2.npy, AMS1_ADNN5_VMS4_VDNN3.npy, AMS1_ADNN5_VMS4_VDNN4.npy, AMS1_ADNN5_VMS4_VDNN5.npy, AMS1_ADNN5_VMS5_VDNN1.npy, AMS1_ADNN5_VMS5_VDNN2.npy, AMS1_ADNN5_VMS5_VDNN3.npy, AMS1_ADNN5_VMS5_VDNN4.npy, AMS1_ADNN5_VMS5_VDNN5.npy",0.0522031470016711,16.121135650010817,46.472154855728114,50,0.0628035360870361,42.30423946843643,48
0.04614786,28.762206,"AMS1_ADNN6_VMS1_VDNN1.npy, AMS1_ADNN6_VMS1_VDNN2.npy, AMS1_ADNN6_VMS1_VDNN3.npy, AMS1_ADNN6_VMS1_VDNN4.npy, AMS1_ADNN6_VMS1_VDNN5.npy, AMS1_ADNN6_VMS2_VDNN1.npy, AMS1_ADNN6_VMS2_VDNN2.npy, AMS1_ADNN6_VMS2_VDNN3.npy, AMS1_ADNN6_VMS2_VDNN4.npy, AMS1_ADNN6_VMS2_VDNN5.npy, AMS1_ADNN6_VMS3_VDNN1.npy, AMS1_ADNN6_VMS3_VDNN2.npy, AMS1_ADNN6_VMS3_VDNN3.npy, AMS1_ADNN6_VMS3_VDNN4.npy, AMS1_ADNN6_VMS3_VDNN5.npy, AMS1_ADNN6_VMS4_VDNN1.npy, AMS1_ADNN6_VMS4_VDNN2.npy, AMS1_ADNN6_VMS4_VDNN3.npy, AMS1_ADNN6_VMS4_VDNN4.npy, AMS1_ADNN6_VMS4_VDNN5.npy, AMS1_ADNN6_VMS5_VDNN1.npy, AMS1_ADNN6_VMS5_VDNN2.npy, AMS1_ADNN6_VMS5_VDNN3.npy, AMS1_ADNN6_VMS5_VDNN4.npy, AMS1_ADNN6_VMS5_VDNN5.npy",0.0484768323297506,16.803588549103388,48.449683189392125,50,0.0642096110290527,42.82198860243879,48
0.04614786,117.181603,"AMS1_ADNN7_VMS1_VDNN1.npy, AMS1_ADNN7_VMS1_VDNN2.npy, AMS1_ADNN7_VMS1_VDNN3.npy, AMS1_ADNN7_VMS1_VDNN4.npy, AMS1_ADNN7_VMS1_VDNN5.npy, AMS1_ADNN7_VMS2_VDNN1.npy, AMS1_ADNN7_VMS2_VDNN2.npy, AMS1_ADNN7_VMS2_VDNN3.npy, AMS1_ADNN7_VMS2_VDNN4.npy, AMS1_ADNN7_VMS2_VDNN5.npy, AMS1_ADNN7_VMS3_VDNN1.npy, AMS1_ADNN7_VMS3_VDNN2.npy, AMS1_ADNN7_VMS3_VDNN3.npy, AMS1_ADNN7_VMS3_VDNN4.npy, AMS1_ADNN7_VMS3_VDNN5.npy, AMS1_ADNN7_VMS4_VDNN1.npy, AMS1_ADNN7_VMS4_VDNN2.npy, AMS1_ADNN7_VMS4_VDNN3.npy, AMS1_ADNN7_VMS4_VDNN4.npy, AMS1_ADNN7_VMS4_VDNN5.npy, AMS1_ADNN7_VMS5_VDNN1.npy, AMS1_ADNN7_VMS5_VDNN2.npy, AMS1_ADNN7_VMS5_VDNN3.npy, AMS1_ADNN7_VMS5_VDNN4.npy, AMS1_ADNN7_VMS5_VDNN5.npy",0.0489668966971873,17.091957337459046,45.98965224583306,50,0.0640398910675049,43.639856770682485,46
1.11582564,8.74767114,"AMS2_ADNN1_VMS1_VDNN1.npy, AMS2_ADNN1_VMS1_VDNN2.npy, AMS2_ADNN1_VMS1_VDNN3.npy, AMS2_ADNN1_VMS1_VDNN4.npy, AMS2_ADNN1_VMS1_VDNN5.npy, AMS2_ADNN1_VMS2_VDNN1.npy, AMS2_ADNN1_VMS2_VDNN2.npy, AMS2_ADNN1_VMS2_VDNN3.npy, AMS2_ADNN1_VMS2_VDNN4.npy, AMS2_ADNN1_VMS2_VDNN5.npy, AMS2_ADNN1_VMS3_VDNN1.npy, AMS2_ADNN1_VMS3_VDNN2.npy, AMS2_ADNN1_VMS3_VDNN3.npy, AMS2_ADNN1_VMS3_VDNN4.npy, AMS2_ADNN1_VMS3_VDNN5.npy, AMS2_ADNN1_VMS4_VDNN1.npy, AMS2_ADNN1_VMS4_VDNN2.npy, AMS2_ADNN1_VMS4_VDNN3.npy, AMS2_ADNN1_VMS4_VDNN4.npy, AMS2_ADNN1_VMS4_VDNN5.npy, AMS2_ADNN1_VMS5_VDNN1.npy, AMS2_ADNN1_VMS5_VDNN2.npy, AMS2_ADNN1_VMS5_VDNN3.npy, AMS2_ADNN1_VMS5_VDNN4.npy, AMS2_ADNN1_VMS5_VDNN5.npy",0.1829038982240159,15.082048796636236,38.236214613914456,50,0.0825768081420898,40.08985714455126,49
1.11582564,24.4029475,"AMS2_ADNN2_VMS1_VDNN1.npy, AMS2_ADNN2_VMS1_VDNN2.npy, AMS2_ADNN2_VMS1_VDNN3.npy, AMS2_ADNN2_VMS1_VDNN4.npy, AMS2_ADNN2_VMS1_VDNN5.npy, AMS2_ADNN2_VMS2_VDNN1.npy, AMS2_ADNN2_VMS2_VDNN2.npy, AMS2_ADNN2_VMS2_VDNN3.npy, AMS2_ADNN2_VMS2_VDNN4.npy, AMS2_ADNN2_VMS2_VDNN5.npy, AMS2_ADNN2_VMS3_VDNN1.npy, AMS2_ADNN2_VMS3_VDNN2.npy, AMS2_ADNN2_VMS3_VDNN3.npy, AMS2_ADNN2_VMS3_VDNN4.npy, AMS2_ADNN2_VMS3_VDNN5.npy, AMS2_ADNN2_VMS4_VDNN1.npy, AMS2_ADNN2_VMS4_VDNN2.npy, AMS2_ADNN2_VMS4_VDNN3.npy, AMS2_ADNN2_VMS4_VDNN4.npy, AMS2_ADNN2_VMS4_VDNN5.npy, AMS2_ADNN2_VMS5_VDNN1.npy, AMS2_ADNN2_VMS5_VDNN2.npy, AMS2_ADNN2_VMS5_VDNN3.npy, AMS2_ADNN2_VMS5_VDNN4.npy, AMS2_ADNN2_VMS5_VDNN5.npy",0.1824233074438258,14.191210414510392,39.69226592425796,55,0.0852700424926757,39.827999088538945,49
1.11582564,103.460163,"AMS2_ADNN3_VMS1_VDNN1.npy, AMS2_ADNN3_VMS1_VDNN2.npy, AMS2_ADNN3_VMS1_VDNN3.npy, AMS2_ADNN3_VMS1_VDNN4.npy, AMS2_ADNN3_VMS1_VDNN5.npy, AMS2_ADNN3_VMS2_VDNN1.npy, AMS2_ADNN3_VMS2_VDNN2.npy, AMS2_ADNN3_VMS2_VDNN3.npy, AMS2_ADNN3_VMS2_VDNN4.npy, AMS2_ADNN3_VMS2_VDNN5.npy, AMS2_ADNN3_VMS3_VDNN1.npy, AMS2_ADNN3_VMS3_VDNN2.npy, AMS2_ADNN3_VMS3_VDNN3.npy, AMS2_ADNN3_VMS3_VDNN4.npy, AMS2_ADNN3_VMS3_VDNN5.npy, AMS2_ADNN3_VMS4_VDNN1.npy, AMS2_ADNN3_VMS4_VDNN2.npy, AMS2_ADNN3_VMS4_VDNN3.npy, AMS2_ADNN3_VMS4_VDNN4.npy, AMS2_ADNN3_VMS4_VDNN5.npy, AMS2_ADNN3_VMS5_VDNN1.npy, AMS2_ADNN3_VMS5_VDNN2.npy, AMS2_ADNN3_VMS5_VDNN3.npy, AMS2_ADNN3_VMS5_VDNN4.npy, AMS2_ADNN3_VMS5_VDNN5.npy",0.1783387783183258,14.80889654939404,41.509318351745605,45,0.0850463908843994,40.71194924708234,47
1.11582564,0.366064129,"AMS2_ADNN4_VMS1_VDNN1.npy, AMS2_ADNN4_VMS1_VDNN2.npy, AMS2_ADNN4_VMS1_VDNN3.npy, AMS2_ADNN4_VMS1_VDNN4.npy, AMS2_ADNN4_VMS1_VDNN5.npy, AMS2_ADNN4_VMS2_VDNN1.npy, AMS2_ADNN4_VMS2_VDNN2.npy, AMS2_ADNN4_VMS2_VDNN3.npy, AMS2_ADNN4_VMS2_VDNN4.npy, AMS2_ADNN4_VMS2_VDNN5.npy, AMS2_ADNN4_VMS3_VDNN1.npy, AMS2_ADNN4_VMS3_VDNN2.npy, AMS2_ADNN4_VMS3_VDNN3.npy, AMS2_ADNN4_VMS3_VDNN4.npy, AMS2_ADNN4_VMS3_VDNN5.npy, AMS2_ADNN4_VMS4_VDNN1.npy, AMS2_ADNN4_VMS4_VDNN2.npy, AMS2_ADNN4_VMS4_VDNN3.npy, AMS2_ADNN4_VMS4_VDNN4.npy, AMS2_ADNN4_VMS4_VDNN5.npy, AMS2_ADNN4_VMS5_VDNN1.npy, AMS2_ADNN4_VMS5_VDNN2.npy, AMS2_ADNN4_VMS5_VDNN3.npy, AMS2_ADNN4_VMS5_VDNN4.npy, AMS2_ADNN4_VMS5_VDNN5.npy",0.1805861357962551,14.934965673005111,29.109467267990148,50,0.079482362234497,39.959380482479624,49
1.11582564,0.00583815967,"AMS2_ADNN5_VMS1_VDNN1.npy, AMS2_ADNN5_VMS1_VDNN2.npy, AMS2_ADNN5_VMS1_VDNN3.npy, AMS2_ADNN5_VMS1_VDNN4.npy, AMS2_ADNN5_VMS1_VDNN5.npy, AMS2_ADNN5_VMS2_VDNN1.npy, AMS2_ADNN5_VMS2_VDNN2.npy, AMS2_ADNN5_VMS2_VDNN3.npy, AMS2_ADNN5_VMS2_VDNN4.npy, AMS2_ADNN5_VMS2_VDNN5.npy, AMS2_ADNN5_VMS3_VDNN1.npy, AMS2_ADNN5_VMS3_VDNN2.npy, AMS2_ADNN5_VMS3_VDNN3.npy, AMS2_ADNN5_VMS3_VDNN4.npy, AMS2_ADNN5_VMS3_VDNN5.npy, AMS2_ADNN5_VMS4_VDNN1.npy, AMS2_ADNN5_VMS4_VDNN2.npy, AMS2_ADNN5_VMS4_VDNN3.npy, AMS2_ADNN5_VMS4_VDNN4.npy, AMS2_ADNN5_VMS4_VDNN5.npy, AMS2_ADNN5_VMS5_VDNN1.npy, AMS2_ADNN5_VMS5_VDNN2.npy, AMS2_ADNN5_VMS5_VDNN3.npy, AMS2_ADNN5_VMS5_VDNN4.npy, AMS2_ADNN5_VMS5_VDNN5.npy",0.189717035892044,14.59887765822211,42.73538589477539,50,0.0842075102447509,39.816738738498074,49
1.11582564,28.762206,"AMS2_ADNN6_VMS1_VDNN1.npy, AMS2_ADNN6_VMS1_VDNN2.npy, AMS2_ADNN6_VMS1_VDNN3.npy, AMS2_ADNN6_VMS1_VDNN4.npy, AMS2_ADNN6_VMS1_VDNN5.npy, AMS2_ADNN6_VMS2_VDNN1.npy, AMS2_ADNN6_VMS2_VDNN2.npy, AMS2_ADNN6_VMS2_VDNN3.npy, AMS2_ADNN6_VMS2_VDNN4.npy, AMS2_ADNN6_VMS2_VDNN5.npy, AMS2_ADNN6_VMS3_VDNN1.npy, AMS2_ADNN6_VMS3_VDNN2.npy, AMS2_ADNN6_VMS3_VDNN3.npy, AMS2_ADNN6_VMS3_VDNN4.npy, AMS2_ADNN6_VMS3_VDNN5.npy, AMS2_ADNN6_VMS4_VDNN1.npy, AMS2_ADNN6_VMS4_VDNN2.npy, AMS2_ADNN6_VMS4_VDNN3.npy, AMS2_ADNN6_VMS4_VDNN4.npy, AMS2_ADNN6_VMS4_VDNN5.npy, AMS2_ADNN6_VMS5_VDNN1.npy, AMS2_ADNN6_VMS5_VDNN2.npy, AMS2_ADNN6_VMS5_VDNN3.npy, AMS2_ADNN6_VMS5_VDNN4.npy, AMS2_ADNN6_VMS5_VDNN5.npy",0.1772365548170335,14.479584442323157,44.05622482299805,45,0.0884461285888672,39.9836431083486,49
1.11582564,117.181603,"AMS2_ADNN7_VMS1_VDNN1.npy, AMS2_ADNN7_VMS1_VDNN2.npy, AMS2_ADNN7_VMS1_VDNN3.npy, AMS2_ADNN7_VMS1_VDNN4.npy, AMS2_ADNN7_VMS1_VDNN5.npy, AMS2_ADNN7_VMS2_VDNN1.npy, AMS2_ADNN7_VMS2_VDNN2.npy, AMS2_ADNN7_VMS2_VDNN3.npy, AMS2_ADNN7_VMS2_VDNN4.npy, AMS2_ADNN7_VMS2_VDNN5.npy, AMS2_ADNN7_VMS3_VDNN1.npy, AMS2_ADNN7_VMS3_VDNN2.npy, AMS2_ADNN7_VMS3_VDNN3.npy, AMS2_ADNN7_VMS3_VDNN4.npy, AMS2_ADNN7_VMS3_VDNN5.npy, AMS2_ADNN7_VMS4_VDNN1.npy, AMS2_ADNN7_VMS4_VDNN2.npy, AMS2_ADNN7_VMS4_VDNN3.npy, AMS2_ADNN7_VMS4_VDNN4.npy, AMS2_ADNN7_VMS4_VDNN5.npy, AMS2_ADNN7_VMS5_VDNN1.npy, AMS2_ADNN7_VMS5_VDNN2.npy, AMS2_ADNN7_VMS5_VDNN3.npy, AMS2_ADNN7_VMS5_VDNN4.npy, AMS2_ADNN7_VMS5_VDNN5.npy",0.1804442380605428,14.487372134796964,41.40031936645511,45,0.0847264895080566,40.68200527194811,47
0.59584332,8.74767114,"AMS3_ADNN1_VMS1_VDNN1.npy, AMS3_ADNN1_VMS1_VDNN2.npy, AMS3_ADNN1_VMS1_VDNN3.npy, AMS3_ADNN1_VMS1_VDNN4.npy, AMS3_ADNN1_VMS1_VDNN5.npy, AMS3_ADNN1_VMS2_VDNN1.npy, AMS3_ADNN1_VMS2_VDNN2.npy, AMS3_ADNN1_VMS2_VDNN3.npy, AMS3_ADNN1_VMS2_VDNN4.npy, AMS3_ADNN1_VMS2_VDNN5.npy, AMS3_ADNN1_VMS3_VDNN1.npy, AMS3_ADNN1_VMS3_VDNN2.npy, AMS3_ADNN1_VMS3_VDNN3.npy, AMS3_ADNN1_VMS3_VDNN4.npy, AMS3_ADNN1_VMS3_VDNN5.npy, AMS3_ADNN1_VMS4_VDNN1.npy, AMS3_ADNN1_VMS4_VDNN2.npy, AMS3_ADNN1_VMS4_VDNN3.npy, AMS3_ADNN1_VMS4_VDNN4.npy, AMS3_ADNN1_VMS4_VDNN5.npy, AMS3_ADNN1_VMS5_VDNN1.npy, AMS3_ADNN1_VMS5_VDNN2.npy, AMS3_ADNN1_VMS5_VDNN3.npy, AMS3_ADNN1_VMS5_VDNN4.npy, AMS3_ADNN1_VMS5_VDNN5.npy",18.52103588409839,7.898050926874104,49.81635028362274,55,0.1043226043548584,48.31155039326906,49
0.59584332,24.4029475,"AMS3_ADNN2_VMS1_VDNN1.npy, AMS3_ADNN2_VMS1_VDNN2.npy, AMS3_ADNN2_VMS1_VDNN3.npy, AMS3_ADNN2_VMS1_VDNN4.npy, AMS3_ADNN2_VMS1_VDNN5.npy, AMS3_ADNN2_VMS2_VDNN1.npy, AMS3_ADNN2_VMS2_VDNN2.npy, AMS3_ADNN2_VMS2_VDNN3.npy, AMS3_ADNN2_VMS2_VDNN4.npy, AMS3_ADNN2_VMS2_VDNN5.npy, AMS3_ADNN2_VMS3_VDNN1.npy, AMS3_ADNN2_VMS3_VDNN2.npy, AMS3_ADNN2_VMS3_VDNN3.npy, AMS3_ADNN2_VMS3_VDNN4.npy, AMS3_ADNN2_VMS3_VDNN5.npy, AMS3_ADNN2_VMS4_VDNN1.npy, AMS3_ADNN2_VMS4_VDNN2.npy, AMS3_ADNN2_VMS4_VDNN3.npy, AMS3_ADNN2_VMS4_VDNN4.npy, AMS3_ADNN2_VMS4_VDNN5.npy, AMS3_ADNN2_VMS5_VDNN1.npy, AMS3_ADNN2_VMS5_VDNN2.npy, AMS3_ADNN2_VMS5_VDNN3.npy, AMS3_ADNN2_VMS5_VDNN4.npy, AMS3_ADNN2_VMS5_VDNN5.npy",17.636353999132737,8.13667553260602,50.17881393432617,50,0.105073576574707,48.03583693677659,49
0.59584332,103.460163,"AMS3_ADNN3_VMS1_VDNN1.npy, AMS3_ADNN3_VMS1_VDNN2.npy, AMS3_ADNN3_VMS1_VDNN3.npy, AMS3_ADNN3_VMS1_VDNN4.npy, AMS3_ADNN3_VMS1_VDNN5.npy, AMS3_ADNN3_VMS2_VDNN1.npy, AMS3_ADNN3_VMS2_VDNN2.npy, AMS3_ADNN3_VMS2_VDNN3.npy, AMS3_ADNN3_VMS2_VDNN4.npy, AMS3_ADNN3_VMS2_VDNN5.npy, AMS3_ADNN3_VMS3_VDNN1.npy, AMS3_ADNN3_VMS3_VDNN2.npy, AMS3_ADNN3_VMS3_VDNN3.npy, AMS3_ADNN3_VMS3_VDNN4.npy, AMS3_ADNN3_VMS3_VDNN5.npy, AMS3_ADNN3_VMS4_VDNN1.npy, AMS3_ADNN3_VMS4_VDNN2.npy, AMS3_ADNN3_VMS4_VDNN3.npy, AMS3_ADNN3_VMS4_VDNN4.npy, AMS3_ADNN3_VMS4_VDNN5.npy, AMS3_ADNN3_VMS5_VDNN1.npy, AMS3_ADNN3_VMS5_VDNN2.npy, AMS3_ADNN3_VMS5_VDNN3.npy, AMS3_ADNN3_VMS5_VDNN4.npy, AMS3_ADNN3_VMS5_VDNN5.npy",18.19987302335376,7.736697771684364,49.79376792907715,50,0.1050722571990966,48.80244267261018,48
0.59584332,0.366064129,"AMS3_ADNN4_VMS1_VDNN1.npy, AMS3_ADNN4_VMS1_VDNN2.npy, AMS3_ADNN4_VMS1_VDNN3.npy, AMS3_ADNN4_VMS1_VDNN4.npy, AMS3_ADNN4_VMS1_VDNN5.npy, AMS3_ADNN4_VMS2_VDNN1.npy, AMS3_ADNN4_VMS2_VDNN2.npy, AMS3_ADNN4_VMS2_VDNN3.npy, AMS3_ADNN4_VMS2_VDNN4.npy, AMS3_ADNN4_VMS2_VDNN5.npy, AMS3_ADNN4_VMS3_VDNN1.npy, AMS3_ADNN4_VMS3_VDNN2.npy, AMS3_ADNN4_VMS3_VDNN3.npy, AMS3_ADNN4_VMS3_VDNN4.npy, AMS3_ADNN4_VMS3_VDNN5.npy, AMS3_ADNN4_VMS4_VDNN1.npy, AMS3_ADNN4_VMS4_VDNN2.npy, AMS3_ADNN4_VMS4_VDNN3.npy, AMS3_ADNN4_VMS4_VDNN4.npy, AMS3_ADNN4_VMS4_VDNN5.npy, AMS3_ADNN4_VMS5_VDNN1.npy, AMS3_ADNN4_VMS5_VDNN2.npy, AMS3_ADNN4_VMS5_VDNN3.npy, AMS3_ADNN4_VMS5_VDNN4.npy, AMS3_ADNN4_VMS5_VDNN5.npy",19.127480561762777,7.707984482234673,49.75025653839111,50,0.1030179432647705,48.507545505342534,50
0.59584332,0.00583815967,"AMS3_ADNN5_VMS1_VDNN1.npy, AMS3_ADNN5_VMS1_VDNN2.npy, AMS3_ADNN5_VMS1_VDNN3.npy, AMS3_ADNN5_VMS1_VDNN4.npy, AMS3_ADNN5_VMS1_VDNN5.npy, AMS3_ADNN5_VMS2_VDNN1.npy, AMS3_ADNN5_VMS2_VDNN2.npy, AMS3_ADNN5_VMS2_VDNN3.npy, AMS3_ADNN5_VMS2_VDNN4.npy, AMS3_ADNN5_VMS2_VDNN5.npy, AMS3_ADNN5_VMS3_VDNN1.npy, AMS3_ADNN5_VMS3_VDNN2.npy, AMS3_ADNN5_VMS3_VDNN3.npy, AMS3_ADNN5_VMS3_VDNN4.npy, AMS3_ADNN5_VMS3_VDNN5.npy, AMS3_ADNN5_VMS4_VDNN1.npy, AMS3_ADNN5_VMS4_VDNN2.npy, AMS3_ADNN5_VMS4_VDNN3.npy, AMS3_ADNN5_VMS4_VDNN4.npy, AMS3_ADNN5_VMS4_VDNN5.npy, AMS3_ADNN5_VMS5_VDNN1.npy, AMS3_ADNN5_VMS5_VDNN2.npy, AMS3_ADNN5_VMS5_VDNN3.npy, AMS3_ADNN5_VMS5_VDNN4.npy, AMS3_ADNN5_VMS5_VDNN5.npy",18.68436490959865,7.493125430633473,50.02899933815002,50,0.1020113746002197,48.16089331611574,50
0.59584332,28.762206,"AMS3_ADNN6_VMS1_VDNN1.npy, AMS3_ADNN6_VMS1_VDNN2.npy, AMS3_ADNN6_VMS1_VDNN3.npy, AMS3_ADNN6_VMS1_VDNN4.npy, AMS3_ADNN6_VMS1_VDNN5.npy, AMS3_ADNN6_VMS2_VDNN1.npy, AMS3_ADNN6_VMS2_VDNN2.npy, AMS3_ADNN6_VMS2_VDNN3.npy, AMS3_ADNN6_VMS2_VDNN4.npy, AMS3_ADNN6_VMS2_VDNN5.npy, AMS3_ADNN6_VMS3_VDNN1.npy, AMS3_ADNN6_VMS3_VDNN2.npy, AMS3_ADNN6_VMS3_VDNN3.npy, AMS3_ADNN6_VMS3_VDNN4.npy, AMS3_ADNN6_VMS3_VDNN5.npy, AMS3_ADNN6_VMS4_VDNN1.npy, AMS3_ADNN6_VMS4_VDNN2.npy, AMS3_ADNN6_VMS4_VDNN3.npy, AMS3_ADNN6_VMS4_VDNN4.npy, AMS3_ADNN6_VMS4_VDNN5.npy, AMS3_ADNN6_VMS5_VDNN1.npy, AMS3_ADNN6_VMS5_VDNN2.npy, AMS3_ADNN6_VMS5_VDNN3.npy, AMS3_ADNN6_VMS5_VDNN4.npy, AMS3_ADNN6_VMS5_VDNN5.npy",18.14554116492885,7.657852584875765,49.92311000823975,50,0.1063256985046386,48.15202328540151,49
0.59584332,117.181603,"AMS3_ADNN7_VMS1_VDNN1.npy, AMS3_ADNN7_VMS1_VDNN2.npy, AMS3_ADNN7_VMS1_VDNN3.npy, AMS3_ADNN7_VMS1_VDNN4.npy, AMS3_ADNN7_VMS1_VDNN5.npy, AMS3_ADNN7_VMS2_VDNN1.npy, AMS3_ADNN7_VMS2_VDNN2.npy, AMS3_ADNN7_VMS2_VDNN3.npy, AMS3_ADNN7_VMS2_VDNN4.npy, AMS3_ADNN7_VMS2_VDNN5.npy, AMS3_ADNN7_VMS3_VDNN1.npy, AMS3_ADNN7_VMS3_VDNN2.npy, AMS3_ADNN7_VMS3_VDNN3.npy, AMS3_ADNN7_VMS3_VDNN4.npy, AMS3_ADNN7_VMS3_VDNN5.npy, AMS3_ADNN7_VMS4_VDNN1.npy, AMS3_ADNN7_VMS4_VDNN2.npy, AMS3_ADNN7_VMS4_VDNN3.npy, AMS3_ADNN7_VMS4_VDNN4.npy, AMS3_ADNN7_VMS4_VDNN5.npy, AMS3_ADNN7_VMS5_VDNN1.npy, AMS3_ADNN7_VMS5_VDNN2.npy, AMS3_ADNN7_VMS5_VDNN3.npy, AMS3_ADNN7_VMS5_VDNN4.npy, AMS3_ADNN7_VMS5_VDNN5.npy",18.49024963704069,7.826171363318035,49.76693183098793,45,0.1043571002624511,49.11318570411026,47
0.14998521,8.74767114,"AMS4_ADNN1_VMS1_VDNN1.npy, AMS4_ADNN1_VMS1_VDNN2.npy, AMS4_ADNN1_VMS1_VDNN3.npy, AMS4_ADNN1_VMS1_VDNN4.npy, AMS4_ADNN1_VMS1_VDNN5.npy, AMS4_ADNN1_VMS2_VDNN1.npy, AMS4_ADNN1_VMS2_VDNN2.npy, AMS4_ADNN1_VMS2_VDNN3.npy, AMS4_ADNN1_VMS2_VDNN4.npy, AMS4_ADNN1_VMS2_VDNN5.npy, AMS4_ADNN1_VMS3_VDNN1.npy, AMS4_ADNN1_VMS3_VDNN2.npy, AMS4_ADNN1_VMS3_VDNN3.npy, AMS4_ADNN1_VMS3_VDNN4.npy, AMS4_ADNN1_VMS3_VDNN5.npy, AMS4_ADNN1_VMS4_VDNN1.npy, AMS4_ADNN1_VMS4_VDNN2.npy, AMS4_ADNN1_VMS4_VDNN3.npy, AMS4_ADNN1_VMS4_VDNN4.npy, AMS4_ADNN1_VMS4_VDNN5.npy, AMS4_ADNN1_VMS5_VDNN1.npy, AMS4_ADNN1_VMS5_VDNN2.npy, AMS4_ADNN1_VMS5_VDNN3.npy, AMS4_ADNN1_VMS5_VDNN4.npy, AMS4_ADNN1_VMS5_VDNN5.npy",13.029276191422468,19.384743915252777,49.58900077554232,50,0.1274253781494141,50.950188315957476,50
0.14998521,24.4029475,"AMS4_ADNN2_VMS1_VDNN1.npy, AMS4_ADNN2_VMS1_VDNN2.npy, AMS4_ADNN2_VMS1_VDNN3.npy, AMS4_ADNN2_VMS1_VDNN4.npy, AMS4_ADNN2_VMS1_VDNN5.npy, AMS4_ADNN2_VMS2_VDNN1.npy, AMS4_ADNN2_VMS2_VDNN2.npy, AMS4_ADNN2_VMS2_VDNN3.npy, AMS4_ADNN2_VMS2_VDNN4.npy, AMS4_ADNN2_VMS2_VDNN5.npy, AMS4_ADNN2_VMS3_VDNN1.npy, AMS4_ADNN2_VMS3_VDNN2.npy, AMS4_ADNN2_VMS3_VDNN3.npy, AMS4_ADNN2_VMS3_VDNN4.npy, AMS4_ADNN2_VMS3_VDNN5.npy, AMS4_ADNN2_VMS4_VDNN1.npy, AMS4_ADNN2_VMS4_VDNN2.npy, AMS4_ADNN2_VMS4_VDNN3.npy, AMS4_ADNN2_VMS4_VDNN4.npy, AMS4_ADNN2_VMS4_VDNN5.npy, AMS4_ADNN2_VMS5_VDNN1.npy, AMS4_ADNN2_VMS5_VDNN2.npy, AMS4_ADNN2_VMS5_VDNN3.npy, AMS4_ADNN2_VMS5_VDNN4.npy, AMS4_ADNN2_VMS5_VDNN5.npy",13.623649628076784,19.78778401393327,49.67429636910121,50,0.1254639732330322,51.58365844467818,49
0.14998521,103.460163,"AMS4_ADNN3_VMS1_VDNN1.npy, AMS4_ADNN3_VMS1_VDNN2.npy, AMS4_ADNN3_VMS1_VDNN3.npy, AMS4_ADNN3_VMS1_VDNN4.npy, AMS4_ADNN3_VMS1_VDNN5.npy, AMS4_ADNN3_VMS2_VDNN1.npy, AMS4_ADNN3_VMS2_VDNN2.npy, AMS4_ADNN3_VMS2_VDNN3.npy, AMS4_ADNN3_VMS2_VDNN4.npy, AMS4_ADNN3_VMS2_VDNN5.npy, AMS4_ADNN3_VMS3_VDNN1.npy, AMS4_ADNN3_VMS3_VDNN2.npy, AMS4_ADNN3_VMS3_VDNN3.npy, AMS4_ADNN3_VMS3_VDNN4.npy, AMS4_ADNN3_VMS3_VDNN5.npy, AMS4_ADNN3_VMS4_VDNN1.npy, AMS4_ADNN3_VMS4_VDNN2.npy, AMS4_ADNN3_VMS4_VDNN3.npy, AMS4_ADNN3_VMS4_VDNN4.npy, AMS4_ADNN3_VMS4_VDNN5.npy, AMS4_ADNN3_VMS5_VDNN1.npy, AMS4_ADNN3_VMS5_VDNN2.npy, AMS4_ADNN3_VMS5_VDNN3.npy, AMS4_ADNN3_VMS5_VDNN4.npy, AMS4_ADNN3_VMS5_VDNN5.npy",13.670651974885246,19.113160928167343,49.14109706878662,50,0.1267654539520263,51.93904358174569,48
0.14998521,0.366064129,"AMS4_ADNN4_VMS1_VDNN1.npy, AMS4_ADNN4_VMS1_VDNN2.npy, AMS4_ADNN4_VMS1_VDNN3.npy, AMS4_ADNN4_VMS1_VDNN4.npy, AMS4_ADNN4_VMS1_VDNN5.npy, AMS4_ADNN4_VMS2_VDNN1.npy, AMS4_ADNN4_VMS2_VDNN2.npy, AMS4_ADNN4_VMS2_VDNN3.npy, AMS4_ADNN4_VMS2_VDNN4.npy, AMS4_ADNN4_VMS2_VDNN5.npy, AMS4_ADNN4_VMS3_VDNN1.npy, AMS4_ADNN4_VMS3_VDNN2.npy, AMS4_ADNN4_VMS3_VDNN3.npy, AMS4_ADNN4_VMS3_VDNN4.npy, AMS4_ADNN4_VMS3_VDNN5.npy, AMS4_ADNN4_VMS4_VDNN1.npy, AMS4_ADNN4_VMS4_VDNN2.npy, AMS4_ADNN4_VMS4_VDNN3.npy, AMS4_ADNN4_VMS4_VDNN4.npy, AMS4_ADNN4_VMS4_VDNN5.npy, AMS4_ADNN4_VMS5_VDNN1.npy, AMS4_ADNN4_VMS5_VDNN2.npy, AMS4_ADNN4_VMS5_VDNN3.npy, AMS4_ADNN4_VMS5_VDNN4.npy, AMS4_ADNN4_VMS5_VDNN5.npy",12.74999225132023,19.640155771691823,49.641457801462174,45,0.1306512078216552,50.83638282750756,50
0.14998521,0.00583815967,"AMS4_ADNN5_VMS1_VDNN1.npy, AMS4_ADNN5_VMS1_VDNN2.npy, AMS4_ADNN5_VMS1_VDNN3.npy, AMS4_ADNN5_VMS1_VDNN4.npy, AMS4_ADNN5_VMS1_VDNN5.npy, AMS4_ADNN5_VMS2_VDNN1.npy, AMS4_ADNN5_VMS2_VDNN2.npy, AMS4_ADNN5_VMS2_VDNN3.npy, AMS4_ADNN5_VMS2_VDNN4.npy, AMS4_ADNN5_VMS2_VDNN5.npy, AMS4_ADNN5_VMS3_VDNN1.npy, AMS4_ADNN5_VMS3_VDNN2.npy, AMS4_ADNN5_VMS3_VDNN3.npy, AMS4_ADNN5_VMS3_VDNN4.npy, AMS4_ADNN5_VMS3_VDNN5.npy, AMS4_ADNN5_VMS4_VDNN1.npy, AMS4_ADNN5_VMS4_VDNN2.npy, AMS4_ADNN5_VMS4_VDNN3.npy, AMS4_ADNN5_VMS4_VDNN4.npy, AMS4_ADNN5_VMS4_VDNN5.npy, AMS4_ADNN5_VMS5_VDNN1.npy, AMS4_ADNN5_VMS5_VDNN2.npy, AMS4_ADNN5_VMS5_VDNN3.npy, AMS4_ADNN5_VMS5_VDNN4.npy, AMS4_ADNN5_VMS5_VDNN5.npy",13.093369424903768,19.577550851118147,49.93019104003906,55,0.128246879824829,51.001158767636916,50
0.14998521,28.762206,"AMS4_ADNN6_VMS1_VDNN1.npy, AMS4_ADNN6_VMS1_VDNN2.npy, AMS4_ADNN6_VMS1_VDNN3.npy, AMS4_ADNN6_VMS1_VDNN4.npy, AMS4_ADNN6_VMS1_VDNN5.npy, AMS4_ADNN6_VMS2_VDNN1.npy, AMS4_ADNN6_VMS2_VDNN2.npy, AMS4_ADNN6_VMS2_VDNN3.npy, AMS4_ADNN6_VMS2_VDNN4.npy, AMS4_ADNN6_VMS2_VDNN5.npy, AMS4_ADNN6_VMS3_VDNN1.npy, AMS4_ADNN6_VMS3_VDNN2.npy, AMS4_ADNN6_VMS3_VDNN3.npy, AMS4_ADNN6_VMS3_VDNN4.npy, AMS4_ADNN6_VMS3_VDNN5.npy, AMS4_ADNN6_VMS4_VDNN1.npy, AMS4_ADNN6_VMS4_VDNN2.npy, AMS4_ADNN6_VMS4_VDNN3.npy, AMS4_ADNN6_VMS4_VDNN4.npy, AMS4_ADNN6_VMS4_VDNN5.npy, AMS4_ADNN6_VMS5_VDNN1.npy, AMS4_ADNN6_VMS5_VDNN2.npy, AMS4_ADNN6_VMS5_VDNN3.npy, AMS4_ADNN6_VMS5_VDNN4.npy, AMS4_ADNN6_VMS5_VDNN5.npy",13.132006273972042,20.22315146654216,48.94692975478172,45,0.1267249305633545,51.527018631050275,49
0.14998521,117.181603,"AMS4_ADNN7_VMS1_VDNN1.npy, AMS4_ADNN7_VMS1_VDNN2.npy, AMS4_ADNN7_VMS1_VDNN3.npy, AMS4_ADNN7_VMS1_VDNN4.npy, AMS4_ADNN7_VMS1_VDNN5.npy, AMS4_ADNN7_VMS2_VDNN1.npy, AMS4_ADNN7_VMS2_VDNN2.npy, AMS4_ADNN7_VMS2_VDNN3.npy, AMS4_ADNN7_VMS2_VDNN4.npy, AMS4_ADNN7_VMS2_VDNN5.npy, AMS4_ADNN7_VMS3_VDNN1.npy, AMS4_ADNN7_VMS3_VDNN2.npy, AMS4_ADNN7_VMS3_VDNN3.npy, AMS4_ADNN7_VMS3_VDNN4.npy, AMS4_ADNN7_VMS3_VDNN5.npy, AMS4_ADNN7_VMS4_VDNN1.npy, AMS4_ADNN7_VMS4_VDNN2.npy, AMS4_ADNN7_VMS4_VDNN3.npy, AMS4_ADNN7_VMS4_VDNN4.npy, AMS4_ADNN7_VMS4_VDNN5.npy, AMS4_ADNN7_VMS5_VDNN1.npy, AMS4_ADNN7_VMS5_VDNN2.npy, AMS4_ADNN7_VMS5_VDNN3.npy, AMS4_ADNN7_VMS5_VDNN4.npy, AMS4_ADNN7_VMS5_VDNN5.npy",12.722707468270938,20.29071002097044,49.100665316004935,45,0.1281133765899658,52.01737918108623,48
0.00265069,8.74767114,"AMS5_ADNN1_VMS1_VDNN1.npy, AMS5_ADNN1_VMS1_VDNN2.npy, AMS5_ADNN1_VMS1_VDNN3.npy, AMS5_ADNN1_VMS1_VDNN4.npy, AMS5_ADNN1_VMS1_VDNN5.npy, AMS5_ADNN1_VMS2_VDNN1.npy, AMS5_ADNN1_VMS2_VDNN2.npy, AMS5_ADNN1_VMS2_VDNN3.npy, AMS5_ADNN1_VMS2_VDNN4.npy, AMS5_ADNN1_VMS2_VDNN5.npy, AMS5_ADNN1_VMS3_VDNN1.npy, AMS5_ADNN1_VMS3_VDNN2.npy, AMS5_ADNN1_VMS3_VDNN3.npy, AMS5_ADNN1_VMS3_VDNN4.npy, AMS5_ADNN1_VMS3_VDNN5.npy, AMS5_ADNN1_VMS4_VDNN1.npy, AMS5_ADNN1_VMS4_VDNN2.npy, AMS5_ADNN1_VMS4_VDNN3.npy, AMS5_ADNN1_VMS4_VDNN4.npy, AMS5_ADNN1_VMS4_VDNN5.npy, AMS5_ADNN1_VMS5_VDNN1.npy, AMS5_ADNN1_VMS5_VDNN2.npy, AMS5_ADNN1_VMS5_VDNN3.npy, AMS5_ADNN1_VMS5_VDNN4.npy, AMS5_ADNN1_VMS5_VDNN5.npy",0.4931879589191646,0.1209932614544776,46.65101865682615,45,0.1183663110534667,35.7976537615557,47
0.00265069,24.4029475,"AMS5_ADNN2_VMS1_VDNN1.npy, AMS5_ADNN2_VMS1_VDNN2.npy, AMS5_ADNN2_VMS1_VDNN3.npy, AMS5_ADNN2_VMS1_VDNN4.npy, AMS5_ADNN2_VMS1_VDNN5.npy, AMS5_ADNN2_VMS2_VDNN1.npy, AMS5_ADNN2_VMS2_VDNN2.npy, AMS5_ADNN2_VMS2_VDNN3.npy, AMS5_ADNN2_VMS2_VDNN4.npy, AMS5_ADNN2_VMS2_VDNN5.npy, AMS5_ADNN2_VMS3_VDNN1.npy, AMS5_ADNN2_VMS3_VDNN2.npy, AMS5_ADNN2_VMS3_VDNN3.npy, AMS5_ADNN2_VMS3_VDNN4.npy, AMS5_ADNN2_VMS3_VDNN5.npy, AMS5_ADNN2_VMS4_VDNN1.npy, AMS5_ADNN2_VMS4_VDNN2.npy, AMS5_ADNN2_VMS4_VDNN3.npy, AMS5_ADNN2_VMS4_VDNN4.npy, AMS5_ADNN2_VMS4_VDNN5.npy, AMS5_ADNN2_VMS5_VDNN1.npy, AMS5_ADNN2_VMS5_VDNN2.npy, AMS5_ADNN2_VMS5_VDNN3.npy, AMS5_ADNN2_VMS5_VDNN4.npy, AMS5_ADNN2_VMS5_VDNN5.npy",0.5047984797440599,0.1220971265917761,30.56031152751753,40,0.1019949419952392,35.92744342424229,47
0.00265069,103.460163,"AMS5_ADNN3_VMS1_VDNN1.npy, AMS5_ADNN3_VMS1_VDNN2.npy, AMS5_ADNN3_VMS1_VDNN3.npy, AMS5_ADNN3_VMS1_VDNN4.npy, AMS5_ADNN3_VMS1_VDNN5.npy, AMS5_ADNN3_VMS2_VDNN1.npy, AMS5_ADNN3_VMS2_VDNN2.npy, AMS5_ADNN3_VMS2_VDNN3.npy, AMS5_ADNN3_VMS2_VDNN4.npy, AMS5_ADNN3_VMS2_VDNN5.npy, AMS5_ADNN3_VMS3_VDNN1.npy, AMS5_ADNN3_VMS3_VDNN2.npy, AMS5_ADNN3_VMS3_VDNN3.npy, AMS5_ADNN3_VMS3_VDNN4.npy, AMS5_ADNN3_VMS3_VDNN5.npy, AMS5_ADNN3_VMS4_VDNN1.npy, AMS5_ADNN3_VMS4_VDNN2.npy, AMS5_ADNN3_VMS4_VDNN3.npy, AMS5_ADNN3_VMS4_VDNN4.npy, AMS5_ADNN3_VMS4_VDNN5.npy, AMS5_ADNN3_VMS5_VDNN1.npy, AMS5_ADNN3_VMS5_VDNN2.npy, AMS5_ADNN3_VMS5_VDNN3.npy, AMS5_ADNN3_VMS5_VDNN4.npy, AMS5_ADNN3_VMS5_VDNN5.npy",0.494469203184209,0.1217007344684073,24.156616687774694,50,0.0921792480743408,36.54120580902464,45
0.00265069,0.366064129,"AMS5_ADNN4_VMS1_VDNN1.npy, AMS5_ADNN4_VMS1_VDNN2.npy, AMS5_ADNN4_VMS1_VDNN3.npy, AMS5_ADNN4_VMS1_VDNN4.npy, AMS5_ADNN4_VMS1_VDNN5.npy, AMS5_ADNN4_VMS2_VDNN1.npy, AMS5_ADNN4_VMS2_VDNN2.npy, AMS5_ADNN4_VMS2_VDNN3.npy, AMS5_ADNN4_VMS2_VDNN4.npy, AMS5_ADNN4_VMS2_VDNN5.npy, AMS5_ADNN4_VMS3_VDNN1.npy, AMS5_ADNN4_VMS3_VDNN2.npy, AMS5_ADNN4_VMS3_VDNN3.npy, AMS5_ADNN4_VMS3_VDNN4.npy, AMS5_ADNN4_VMS3_VDNN5.npy, AMS5_ADNN4_VMS4_VDNN1.npy, AMS5_ADNN4_VMS4_VDNN2.npy, AMS5_ADNN4_VMS4_VDNN3.npy, AMS5_ADNN4_VMS4_VDNN4.npy, AMS5_ADNN4_VMS4_VDNN5.npy, AMS5_ADNN4_VMS5_VDNN1.npy, AMS5_ADNN4_VMS5_VDNN2.npy, AMS5_ADNN4_VMS5_VDNN3.npy, AMS5_ADNN4_VMS5_VDNN4.npy, AMS5_ADNN4_VMS5_VDNN5.npy",0.4712321587595869,0.1233241808742856,30.93287920951844,50,0.1055907756195068,35.720506363476645,47
0.00265069,0.00583815967,"AMS5_ADNN5_VMS1_VDNN1.npy, AMS5_ADNN5_VMS1_VDNN2.npy, AMS5_ADNN5_VMS1_VDNN3.npy, AMS5_ADNN5_VMS1_VDNN4.npy, AMS5_ADNN5_VMS1_VDNN5.npy, AMS5_ADNN5_VMS2_VDNN1.npy, AMS5_ADNN5_VMS2_VDNN2.npy, AMS5_ADNN5_VMS2_VDNN3.npy, AMS5_ADNN5_VMS2_VDNN4.npy, AMS5_ADNN5_VMS2_VDNN5.npy, AMS5_ADNN5_VMS3_VDNN1.npy, AMS5_ADNN5_VMS3_VDNN2.npy, AMS5_ADNN5_VMS3_VDNN3.npy, AMS5_ADNN5_VMS3_VDNN4.npy, AMS5_ADNN5_VMS3_VDNN5.npy, AMS5_ADNN5_VMS4_VDNN1.npy, AMS5_ADNN5_VMS4_VDNN2.npy, AMS5_ADNN5_VMS4_VDNN3.npy, AMS5_ADNN5_VMS4_VDNN4.npy, AMS5_ADNN5_VMS4_VDNN5.npy, AMS5_ADNN5_VMS5_VDNN1.npy, AMS5_ADNN5_VMS5_VDNN2.npy, AMS5_ADNN5_VMS5_VDNN3.npy, AMS5_ADNN5_VMS5_VDNN4.npy, AMS5_ADNN5_VMS5_VDNN5.npy",0.4743569506856337,0.1242066162016163,33.07287693023678,45,0.101019866921997,35.7198339533346,47
0.00265069,28.762206,"AMS5_ADNN6_VMS1_VDNN1.npy, AMS5_ADNN6_VMS1_VDNN2.npy, AMS5_ADNN6_VMS1_VDNN3.npy, AMS5_ADNN6_VMS1_VDNN4.npy, AMS5_ADNN6_VMS1_VDNN5.npy, AMS5_ADNN6_VMS2_VDNN1.npy, AMS5_ADNN6_VMS2_VDNN2.npy, AMS5_ADNN6_VMS2_VDNN3.npy, AMS5_ADNN6_VMS2_VDNN4.npy, AMS5_ADNN6_VMS2_VDNN5.npy, AMS5_ADNN6_VMS3_VDNN1.npy, AMS5_ADNN6_VMS3_VDNN2.npy, AMS5_ADNN6_VMS3_VDNN3.npy, AMS5_ADNN6_VMS3_VDNN4.npy, AMS5_ADNN6_VMS3_VDNN5.npy, AMS5_ADNN6_VMS4_VDNN1.npy, AMS5_ADNN6_VMS4_VDNN2.npy, AMS5_ADNN6_VMS4_VDNN3.npy, AMS5_ADNN6_VMS4_VDNN4.npy, AMS5_ADNN6_VMS4_VDNN5.npy, AMS5_ADNN6_VMS5_VDNN1.npy, AMS5_ADNN6_VMS5_VDNN2.npy, AMS5_ADNN6_VMS5_VDNN3.npy, AMS5_ADNN6_VMS5_VDNN4.npy, AMS5_ADNN6_VMS5_VDNN5.npy",0.4872838487442039,0.1292377862165141,33.20210002656556,50,0.100498458795166,35.95477302498883,47
0.00265069,117.181603,"AMS5_ADNN7_VMS1_VDNN1.npy, AMS5_ADNN7_VMS1_VDNN2.npy, AMS5_ADNN7_VMS1_VDNN3.npy, AMS5_ADNN7_VMS1_VDNN4.npy, AMS5_ADNN7_VMS1_VDNN5.npy, AMS5_ADNN7_VMS2_VDNN1.npy, AMS5_ADNN7_VMS2_VDNN2.npy, AMS5_ADNN7_VMS2_VDNN3.npy, AMS5_ADNN7_VMS2_VDNN4.npy, AMS5_ADNN7_VMS2_VDNN5.npy, AMS5_ADNN7_VMS3_VDNN1.npy, AMS5_ADNN7_VMS3_VDNN2.npy, AMS5_ADNN7_VMS3_VDNN3.npy, AMS5_ADNN7_VMS3_VDNN4.npy, AMS5_ADNN7_VMS3_VDNN5.npy, AMS5_ADNN7_VMS4_VDNN1.npy, AMS5_ADNN7_VMS4_VDNN2.npy, AMS5_ADNN7_VMS4_VDNN3.npy, AMS5_ADNN7_VMS4_VDNN4.npy, AMS5_ADNN7_VMS4_VDNN5.npy, AMS5_ADNN7_VMS5_VDNN1.npy, AMS5_ADNN7_VMS5_VDNN2.npy, AMS5_ADNN7_VMS5_VDNN3.npy, AMS5_ADNN7_VMS5_VDNN4.npy, AMS5_ADNN7_VMS5_VDNN5.npy",0.5011664718003257,0.1242050308146786,44.26015876240948,50,0.1236975845794677,36.65365429444398,45
0.00725927,8.74767114,"AMS6_ADNN1_VMS1_VDNN1.npy, AMS6_ADNN1_VMS1_VDNN2.npy, AMS6_ADNN1_VMS1_VDNN3.npy, AMS6_ADNN1_VMS1_VDNN4.npy, AMS6_ADNN1_VMS1_VDNN5.npy, AMS6_ADNN1_VMS2_VDNN1.npy, AMS6_ADNN1_VMS2_VDNN2.npy, AMS6_ADNN1_VMS2_VDNN3.npy, AMS6_ADNN1_VMS2_VDNN4.npy, AMS6_ADNN1_VMS2_VDNN5.npy, AMS6_ADNN1_VMS3_VDNN1.npy, AMS6_ADNN1_VMS3_VDNN2.npy, AMS6_ADNN1_VMS3_VDNN3.npy, AMS6_ADNN1_VMS3_VDNN4.npy, AMS6_ADNN1_VMS3_VDNN5.npy, AMS6_ADNN1_VMS4_VDNN1.npy, AMS6_ADNN1_VMS4_VDNN2.npy, AMS6_ADNN1_VMS4_VDNN3.npy, AMS6_ADNN1_VMS4_VDNN4.npy, AMS6_ADNN1_VMS4_VDNN5.npy, AMS6_ADNN1_VMS5_VDNN1.npy, AMS6_ADNN1_VMS5_VDNN2.npy, AMS6_ADNN1_VMS5_VDNN3.npy, AMS6_ADNN1_VMS5_VDNN4.npy, AMS6_ADNN1_VMS5_VDNN5.npy",0.0095115044970391,32.97669025924241,49.55177307128906,55,0.0569323494232177,49.689667960725465,50
0.00725927,24.4029475,"AMS6_ADNN2_VMS1_VDNN1.npy, AMS6_ADNN2_VMS1_VDNN2.npy, AMS6_ADNN2_VMS1_VDNN3.npy, AMS6_ADNN2_VMS1_VDNN4.npy, AMS6_ADNN2_VMS1_VDNN5.npy, AMS6_ADNN2_VMS2_VDNN1.npy, AMS6_ADNN2_VMS2_VDNN2.npy, AMS6_ADNN2_VMS2_VDNN3.npy, AMS6_ADNN2_VMS2_VDNN4.npy, AMS6_ADNN2_VMS2_VDNN5.npy, AMS6_ADNN2_VMS3_VDNN1.npy, AMS6_ADNN2_VMS3_VDNN2.npy, AMS6_ADNN2_VMS3_VDNN3.npy, AMS6_ADNN2_VMS3_VDNN4.npy, AMS6_ADNN2_VMS3_VDNN5.npy, AMS6_ADNN2_VMS4_VDNN1.npy, AMS6_ADNN2_VMS4_VDNN2.npy, AMS6_ADNN2_VMS4_VDNN3.npy, AMS6_ADNN2_VMS4_VDNN4.npy, AMS6_ADNN2_VMS4_VDNN5.npy, AMS6_ADNN2_VMS5_VDNN1.npy, AMS6_ADNN2_VMS5_VDNN2.npy, AMS6_ADNN2_VMS5_VDNN3.npy, AMS6_ADNN2_VMS5_VDNN4.npy, AMS6_ADNN2_VMS5_VDNN5.npy",0.0089358179217643,32.03430611597198,50.28219948101733,45,0.0563637646728515,49.40551852002001,49
0.00725927,103.460163,"AMS6_ADNN3_VMS1_VDNN1.npy, AMS6_ADNN3_VMS1_VDNN2.npy, AMS6_ADNN3_VMS1_VDNN3.npy, AMS6_ADNN3_VMS1_VDNN4.npy, AMS6_ADNN3_VMS1_VDNN5.npy, AMS6_ADNN3_VMS2_VDNN1.npy, AMS6_ADNN3_VMS2_VDNN2.npy, AMS6_ADNN3_VMS2_VDNN3.npy, AMS6_ADNN3_VMS2_VDNN4.npy, AMS6_ADNN3_VMS2_VDNN5.npy, AMS6_ADNN3_VMS3_VDNN1.npy, AMS6_ADNN3_VMS3_VDNN2.npy, AMS6_ADNN3_VMS3_VDNN3.npy, AMS6_ADNN3_VMS3_VDNN4.npy, AMS6_ADNN3_VMS3_VDNN5.npy, AMS6_ADNN3_VMS4_VDNN1.npy, AMS6_ADNN3_VMS4_VDNN2.npy, AMS6_ADNN3_VMS4_VDNN3.npy, AMS6_ADNN3_VMS4_VDNN4.npy, AMS6_ADNN3_VMS4_VDNN5.npy, AMS6_ADNN3_VMS5_VDNN1.npy, AMS6_ADNN3_VMS5_VDNN2.npy, AMS6_ADNN3_VMS5_VDNN3.npy, AMS6_ADNN3_VMS5_VDNN4.npy, AMS6_ADNN3_VMS5_VDNN5.npy",0.0094983733873739,32.25783426313577,48.44908536653519,55,0.056493942892456,50.12205769732488,48
0.00725927,0.366064129,"AMS6_ADNN4_VMS1_VDNN1.npy, AMS6_ADNN4_VMS1_VDNN2.npy, AMS6_ADNN4_VMS1_VDNN3.npy, AMS6_ADNN4_VMS1_VDNN4.npy, AMS6_ADNN4_VMS1_VDNN5.npy, AMS6_ADNN4_VMS2_VDNN1.npy, AMS6_ADNN4_VMS2_VDNN2.npy, AMS6_ADNN4_VMS2_VDNN3.npy, AMS6_ADNN4_VMS2_VDNN4.npy, AMS6_ADNN4_VMS2_VDNN5.npy, AMS6_ADNN4_VMS3_VDNN1.npy, AMS6_ADNN4_VMS3_VDNN2.npy, AMS6_ADNN4_VMS3_VDNN3.npy, AMS6_ADNN4_VMS3_VDNN4.npy, AMS6_ADNN4_VMS3_VDNN5.npy, AMS6_ADNN4_VMS4_VDNN1.npy, AMS6_ADNN4_VMS4_VDNN2.npy, AMS6_ADNN4_VMS4_VDNN3.npy, AMS6_ADNN4_VMS4_VDNN4.npy, AMS6_ADNN4_VMS4_VDNN5.npy, AMS6_ADNN4_VMS5_VDNN1.npy, AMS6_ADNN4_VMS5_VDNN2.npy, AMS6_ADNN4_VMS5_VDNN3.npy, AMS6_ADNN4_VMS5_VDNN4.npy, AMS6_ADNN4_VMS5_VDNN5.npy",0.0094209768020383,31.741399229109803,47.40248918533325,55,0.0554115186340332,49.09098701166498,50
0.00725927,0.00583815967,"AMS6_ADNN5_VMS1_VDNN1.npy, AMS6_ADNN5_VMS1_VDNN2.npy, AMS6_ADNN5_VMS1_VDNN3.npy, AMS6_ADNN5_VMS1_VDNN4.npy, AMS6_ADNN5_VMS1_VDNN5.npy, AMS6_ADNN5_VMS2_VDNN1.npy, AMS6_ADNN5_VMS2_VDNN2.npy, AMS6_ADNN5_VMS2_VDNN3.npy, AMS6_ADNN5_VMS2_VDNN4.npy, AMS6_ADNN5_VMS2_VDNN5.npy, AMS6_ADNN5_VMS3_VDNN1.npy, AMS6_ADNN5_VMS3_VDNN2.npy, AMS6_ADNN5_VMS3_VDNN3.npy, AMS6_ADNN5_VMS3_VDNN4.npy, AMS6_ADNN5_VMS3_VDNN5.npy, AMS6_ADNN5_VMS4_VDNN1.npy, AMS6_ADNN5_VMS4_VDNN2.npy, AMS6_ADNN5_VMS4_VDNN3.npy, AMS6_ADNN5_VMS4_VDNN4.npy, AMS6_ADNN5_VMS4_VDNN5.npy, AMS6_ADNN5_VMS5_VDNN1.npy, AMS6_ADNN5_VMS5_VDNN2.npy, AMS6_ADNN5_VMS5_VDNN3.npy, AMS6_ADNN5_VMS5_VDNN4.npy, AMS6_ADNN5_VMS5_VDNN5.npy",0.009160823033108,32.3934240202679,49.971985816955566,55,0.0567487676757812,49.36930718496816,50
0.00725927,28.762206,"AMS6_ADNN6_VMS1_VDNN1.npy, AMS6_ADNN6_VMS1_VDNN2.npy, AMS6_ADNN6_VMS1_VDNN3.npy, AMS6_ADNN6_VMS1_VDNN4.npy, AMS6_ADNN6_VMS1_VDNN5.npy, AMS6_ADNN6_VMS2_VDNN1.npy, AMS6_ADNN6_VMS2_VDNN2.npy, AMS6_ADNN6_VMS2_VDNN3.npy, AMS6_ADNN6_VMS2_VDNN4.npy, AMS6_ADNN6_VMS2_VDNN5.npy, AMS6_ADNN6_VMS3_VDNN1.npy, AMS6_ADNN6_VMS3_VDNN2.npy, AMS6_ADNN6_VMS3_VDNN3.npy, AMS6_ADNN6_VMS3_VDNN4.npy, AMS6_ADNN6_VMS3_VDNN5.npy, AMS6_ADNN6_VMS4_VDNN1.npy, AMS6_ADNN6_VMS4_VDNN2.npy, AMS6_ADNN6_VMS4_VDNN3.npy, AMS6_ADNN6_VMS4_VDNN4.npy, AMS6_ADNN6_VMS4_VDNN5.npy, AMS6_ADNN6_VMS5_VDNN1.npy, AMS6_ADNN6_VMS5_VDNN2.npy, AMS6_ADNN6_VMS5_VDNN3.npy, AMS6_ADNN6_VMS5_VDNN4.npy, AMS6_ADNN6_VMS5_VDNN5.npy",0.0091577920327375,32.48053518485536,49.16927919503412,55,0.056463878137207,49.63232857757227,49
0.00725927,117.181603,"AMS6_ADNN7_VMS1_VDNN1.npy, AMS6_ADNN7_VMS1_VDNN2.npy, AMS6_ADNN7_VMS1_VDNN3.npy, AMS6_ADNN7_VMS1_VDNN4.npy, AMS6_ADNN7_VMS1_VDNN5.npy, AMS6_ADNN7_VMS2_VDNN1.npy, AMS6_ADNN7_VMS2_VDNN2.npy, AMS6_ADNN7_VMS2_VDNN3.npy, AMS6_ADNN7_VMS2_VDNN4.npy, AMS6_ADNN7_VMS2_VDNN5.npy, AMS6_ADNN7_VMS3_VDNN1.npy, AMS6_ADNN7_VMS3_VDNN2.npy, AMS6_ADNN7_VMS3_VDNN3.npy, AMS6_ADNN7_VMS3_VDNN4.npy, AMS6_ADNN7_VMS3_VDNN5.npy, AMS6_ADNN7_VMS4_VDNN1.npy, AMS6_ADNN7_VMS4_VDNN2.npy, AMS6_ADNN7_VMS4_VDNN3.npy, AMS6_ADNN7_VMS4_VDNN4.npy, AMS6_ADNN7_VMS4_VDNN5.npy, AMS6_ADNN7_VMS5_VDNN1.npy, AMS6_ADNN7_VMS5_VDNN2.npy, AMS6_ADNN7_VMS5_VDNN3.npy, AMS6_ADNN7_VMS5_VDNN4.npy, AMS6_ADNN7_VMS5_VDNN5.npy",0.0096082733233402,31.909508350990524,49.68826770782471,45,0.0558454393310546,50.07942023834211,48
0.00825927,8.74767114,"AMS7_ADNN1_VMS1_VDNN1.npy, AMS7_ADNN1_VMS1_VDNN2.npy, AMS7_ADNN1_VMS1_VDNN3.npy, AMS7_ADNN1_VMS1_VDNN4.npy, AMS7_ADNN1_VMS1_VDNN5.npy, AMS7_ADNN1_VMS2_VDNN1.npy, AMS7_ADNN1_VMS2_VDNN2.npy, AMS7_ADNN1_VMS2_VDNN3.npy, AMS7_ADNN1_VMS2_VDNN4.npy, AMS7_ADNN1_VMS2_VDNN5.npy, AMS7_ADNN1_VMS3_VDNN1.npy, AMS7_ADNN1_VMS3_VDNN2.npy, AMS7_ADNN1_VMS3_VDNN3.npy, AMS7_ADNN1_VMS3_VDNN4.npy, AMS7_ADNN1_VMS3_VDNN5.npy, AMS7_ADNN1_VMS4_VDNN1.npy, AMS7_ADNN1_VMS4_VDNN2.npy, AMS7_ADNN1_VMS4_VDNN3.npy, AMS7_ADNN1_VMS4_VDNN4.npy, AMS7_ADNN1_VMS4_VDNN5.npy, AMS7_ADNN1_VMS5_VDNN1.npy, AMS7_ADNN1_VMS5_VDNN2.npy, AMS7_ADNN1_VMS5_VDNN3.npy, AMS7_ADNN1_VMS5_VDNN4.npy, AMS7_ADNN1_VMS5_VDNN5.npy",0.0093936714436943,28.49937206664032,51.01130187817946,50,0.057639775881958,47.75624544848513,49
0.00825927,24.4029475,"AMS7_ADNN2_VMS1_VDNN1.npy, AMS7_ADNN2_VMS1_VDNN2.npy, AMS7_ADNN2_VMS1_VDNN3.npy, AMS7_ADNN2_VMS1_VDNN4.npy, AMS7_ADNN2_VMS1_VDNN5.npy, AMS7_ADNN2_VMS2_VDNN1.npy, AMS7_ADNN2_VMS2_VDNN2.npy, AMS7_ADNN2_VMS2_VDNN3.npy, AMS7_ADNN2_VMS2_VDNN4.npy, AMS7_ADNN2_VMS2_VDNN5.npy, AMS7_ADNN2_VMS3_VDNN1.npy, AMS7_ADNN2_VMS3_VDNN2.npy, AMS7_ADNN2_VMS3_VDNN3.npy, AMS7_ADNN2_VMS3_VDNN4.npy, AMS7_ADNN2_VMS3_VDNN5.npy, AMS7_ADNN2_VMS4_VDNN1.npy, AMS7_ADNN2_VMS4_VDNN2.npy, AMS7_ADNN2_VMS4_VDNN3.npy, AMS7_ADNN2_VMS4_VDNN4.npy, AMS7_ADNN2_VMS4_VDNN5.npy, AMS7_ADNN2_VMS5_VDNN1.npy, AMS7_ADNN2_VMS5_VDNN2.npy, AMS7_ADNN2_VMS5_VDNN3.npy, AMS7_ADNN2_VMS5_VDNN4.npy, AMS7_ADNN2_VMS5_VDNN5.npy",0.0094741000853797,27.98275090154733,44.44684490418811,45,0.0562771997406005,47.65614736074459,49
0.00825927,103.460163,"AMS7_ADNN3_VMS1_VDNN1.npy, AMS7_ADNN3_VMS1_VDNN2.npy, AMS7_ADNN3_VMS1_VDNN3.npy, AMS7_ADNN3_VMS1_VDNN4.npy, AMS7_ADNN3_VMS1_VDNN5.npy, AMS7_ADNN3_VMS2_VDNN1.npy, AMS7_ADNN3_VMS2_VDNN2.npy, AMS7_ADNN3_VMS2_VDNN3.npy, AMS7_ADNN3_VMS2_VDNN4.npy, AMS7_ADNN3_VMS2_VDNN5.npy, AMS7_ADNN3_VMS3_VDNN1.npy, AMS7_ADNN3_VMS3_VDNN2.npy, AMS7_ADNN3_VMS3_VDNN3.npy, AMS7_ADNN3_VMS3_VDNN4.npy, AMS7_ADNN3_VMS3_VDNN5.npy, AMS7_ADNN3_VMS4_VDNN1.npy, AMS7_ADNN3_VMS4_VDNN2.npy, AMS7_ADNN3_VMS4_VDNN3.npy, AMS7_ADNN3_VMS4_VDNN4.npy, AMS7_ADNN3_VMS4_VDNN5.npy, AMS7_ADNN3_VMS5_VDNN1.npy, AMS7_ADNN3_VMS5_VDNN2.npy, AMS7_ADNN3_VMS5_VDNN3.npy, AMS7_ADNN3_VMS5_VDNN4.npy, AMS7_ADNN3_VMS5_VDNN5.npy",0.0090973061723362,27.930341318453127,49.32793983449936,50,0.057620211038208,48.25311115771155,47
0.00825927,0.366064129,"AMS7_ADNN4_VMS1_VDNN1.npy, AMS7_ADNN4_VMS1_VDNN2.npy, AMS7_ADNN4_VMS1_VDNN3.npy, AMS7_ADNN4_VMS1_VDNN4.npy, AMS7_ADNN4_VMS1_VDNN5.npy, AMS7_ADNN4_VMS2_VDNN1.npy, AMS7_ADNN4_VMS2_VDNN2.npy, AMS7_ADNN4_VMS2_VDNN3.npy, AMS7_ADNN4_VMS2_VDNN4.npy, AMS7_ADNN4_VMS2_VDNN5.npy, AMS7_ADNN4_VMS3_VDNN1.npy, AMS7_ADNN4_VMS3_VDNN2.npy, AMS7_ADNN4_VMS3_VDNN3.npy, AMS7_ADNN4_VMS3_VDNN4.npy, AMS7_ADNN4_VMS3_VDNN5.npy, AMS7_ADNN4_VMS4_VDNN1.npy, AMS7_ADNN4_VMS4_VDNN2.npy, AMS7_ADNN4_VMS4_VDNN3.npy, AMS7_ADNN4_VMS4_VDNN4.npy, AMS7_ADNN4_VMS4_VDNN5.npy, AMS7_ADNN4_VMS5_VDNN1.npy, AMS7_ADNN4_VMS5_VDNN2.npy, AMS7_ADNN4_VMS5_VDNN3.npy, AMS7_ADNN4_VMS5_VDNN4.npy, AMS7_ADNN4_VMS5_VDNN5.npy",0.0089971074815618,27.85998868991989,44.07610175062639,45,0.0538067047485351,47.41447310586338,49
0.00825927,0.00583815967,"AMS7_ADNN5_VMS1_VDNN1.npy, AMS7_ADNN5_VMS1_VDNN2.npy, AMS7_ADNN5_VMS1_VDNN3.npy, AMS7_ADNN5_VMS1_VDNN4.npy, AMS7_ADNN5_VMS1_VDNN5.npy, AMS7_ADNN5_VMS2_VDNN1.npy, AMS7_ADNN5_VMS2_VDNN2.npy, AMS7_ADNN5_VMS2_VDNN3.npy, AMS7_ADNN5_VMS2_VDNN4.npy, AMS7_ADNN5_VMS2_VDNN5.npy, AMS7_ADNN5_VMS3_VDNN1.npy, AMS7_ADNN5_VMS3_VDNN2.npy, AMS7_ADNN5_VMS3_VDNN3.npy, AMS7_ADNN5_VMS3_VDNN4.npy, AMS7_ADNN5_VMS3_VDNN5.npy, AMS7_ADNN5_VMS4_VDNN1.npy, AMS7_ADNN5_VMS4_VDNN2.npy, AMS7_ADNN5_VMS4_VDNN3.npy, AMS7_ADNN5_VMS4_VDNN4.npy, AMS7_ADNN5_VMS4_VDNN5.npy, AMS7_ADNN5_VMS5_VDNN1.npy, AMS7_ADNN5_VMS5_VDNN2.npy, AMS7_ADNN5_VMS5_VDNN3.npy, AMS7_ADNN5_VMS5_VDNN4.npy, AMS7_ADNN5_VMS5_VDNN5.npy",0.0090535411885261,26.934421114056786,49.73347187042236,50,0.0579828618927002,47.01237952762628,49
0.00825927,28.762206,"AMS7_ADNN6_VMS1_VDNN1.npy, AMS7_ADNN6_VMS1_VDNN2.npy, AMS7_ADNN6_VMS1_VDNN3.npy, AMS7_ADNN6_VMS1_VDNN4.npy, AMS7_ADNN6_VMS1_VDNN5.npy, AMS7_ADNN6_VMS2_VDNN1.npy, AMS7_ADNN6_VMS2_VDNN2.npy, AMS7_ADNN6_VMS2_VDNN3.npy, AMS7_ADNN6_VMS2_VDNN4.npy, AMS7_ADNN6_VMS2_VDNN5.npy, AMS7_ADNN6_VMS3_VDNN1.npy, AMS7_ADNN6_VMS3_VDNN2.npy, AMS7_ADNN6_VMS3_VDNN3.npy, AMS7_ADNN6_VMS3_VDNN4.npy, AMS7_ADNN6_VMS3_VDNN5.npy, AMS7_ADNN6_VMS4_VDNN1.npy, AMS7_ADNN6_VMS4_VDNN2.npy, AMS7_ADNN6_VMS4_VDNN3.npy, AMS7_ADNN6_VMS4_VDNN4.npy, AMS7_ADNN6_VMS4_VDNN5.npy, AMS7_ADNN6_VMS5_VDNN1.npy, AMS7_ADNN6_VMS5_VDNN2.npy, AMS7_ADNN6_VMS5_VDNN3.npy, AMS7_ADNN6_VMS5_VDNN4.npy, AMS7_ADNN6_VMS5_VDNN5.npy",0.0098454099020746,27.13291620095477,46.88377148065207,40,0.0568327446289062,47.323903852759884,49
0.00825927,117.181603,"AMS7_ADNN7_VMS1_VDNN1.npy, AMS7_ADNN7_VMS1_VDNN2.npy, AMS7_ADNN7_VMS1_VDNN3.npy, AMS7_ADNN7_VMS1_VDNN4.npy, AMS7_ADNN7_VMS1_VDNN5.npy, AMS7_ADNN7_VMS2_VDNN1.npy, AMS7_ADNN7_VMS2_VDNN2.npy, AMS7_ADNN7_VMS2_VDNN3.npy, AMS7_ADNN7_VMS2_VDNN4.npy, AMS7_ADNN7_VMS2_VDNN5.npy, AMS7_ADNN7_VMS3_VDNN1.npy, AMS7_ADNN7_VMS3_VDNN2.npy, AMS7_ADNN7_VMS3_VDNN3.npy, AMS7_ADNN7_VMS3_VDNN4.npy, AMS7_ADNN7_VMS3_VDNN5.npy, AMS7_ADNN7_VMS4_VDNN1.npy, AMS7_ADNN7_VMS4_VDNN2.npy, AMS7_ADNN7_VMS4_VDNN3.npy, AMS7_ADNN7_VMS4_VDNN4.npy, AMS7_ADNN7_VMS4_VDNN5.npy, AMS7_ADNN7_VMS5_VDNN1.npy, AMS7_ADNN7_VMS5_VDNN2.npy, AMS7_ADNN7_VMS5_VDNN3.npy, AMS7_ADNN7_VMS5_VDNN4.npy, AMS7_ADNN7_VMS5_VDNN5.npy",0.0091522083236353,28.38910273142216,49.72701072692875,45,0.0577484701812744,48.55863014574871,47
